"Data Source","Indicadores del desarrollo mundial",

"Last Updated Date","2022-06-30",

"Country Name","Country Code","Indicator Name","Indicator Code","1960","1961","1962","1963","1964","1965","1966","1967","1968","1969","1970","1971","1972","1973","1974","1975","1976","1977","1978","1979","1980","1981","1982","1983","1984","1985","1986","1987","1988","1989","1990","1991","1992","1993","1994","1995","1996","1997","1998","1999","2000","2001","2002","2003","2004","2005","2006","2007","2008","2009","2010","2011","2012","2013","2014","2015","2016","2017","2018","2019","2020","2021",
"Aruba","ABW","Poverty headcount ratio at $3.20 a day (2011 PPP) (% of population)","SI.POV.LMIC","","","","","","","","","","","","","","","","","","","","","","","","","","","","","","","","","","","","","","","","","","","","","","","","","","","","","","","","","","","","","","",
"","AFE","Poverty headcount ratio at $3.20 a day (2011 PPP) (% of population)","SI.POV.LMIC","","","","","","","","","","","","","","","","","","","","","","","","","","","","","","","","","","","","","","","","","","","","","","","","","","","","","","","","","","","","","","",
"Afganistán","AFG","Poverty headcount ratio at $3.20 a day (2011 PPP) (% of population)","SI.POV.LMIC","","","","","","","","","","","","","","","","","","","","","","","","","","","","","","","","","","","","","","","","","","","","","","","","","","","","","","","","","","","","","","",
"","AFW","Poverty headcount ratio at $3.20 a day (2011 PPP) (% of population)","SI.POV.LMIC","","","","","","","","","","","","","","","","","","","","","","","","","","","","","","","","","","","","","","","","","","","","","","","","","","","","","","","","","","","","","","",
"Angola","AGO","Poverty headcount ratio at $3.20 a day (2011 PPP) (% of population)","SI.POV.LMIC","","","","","","","","","","","","","","","","","","","","","","","","","","","","","","","","","","","","","","","","","59.7","","","","","","","","60.6","","","","","","","","","","71.5","","","",
"Albania","ALB","Poverty headcount ratio at $3.20 a day (2011 PPP) (% of population)","SI.POV.LMIC","","","","","","","","","","","","","","","","","","","","","","","","","","","","","","","","","","","","","11.2","","","","","","14.1","","","8.7","","","5.3","","","","6.2","","11.6","4.7","5.5","4.3","3.3","1.2","","",
"Andorra","AND","Poverty headcount ratio at $3.20 a day (2011 PPP) (% of population)","SI.POV.LMIC","","","","","","","","","","","","","","","","","","","","","","","","","","","","","","","","","","","","","","","","","","","","","","","","","","","","","","","","","","","","","","",
"El mundo árabe","ARB","Poverty headcount ratio at $3.20 a day (2011 PPP) (% of population)","SI.POV.LMIC","","","","","","","","","","","","","","","","","","","","","","","","","","","","","","","","","","","","","","","","","","","","","","","","","","","","","","","","","","","","","","",
"Emiratos Árabes Unidos","ARE","Poverty headcount ratio at $3.20 a day (2011 PPP) (% of population)","SI.POV.LMIC","","","","","","","","","","","","","","","","","","","","","","","","","","","","","","","","","","","","","","","","","","","","","","","","","","","","","","0","","","","","0","","","",
"Argentina","ARG","Poverty headcount ratio at $3.20 a day (2011 PPP) (% of population)","SI.POV.LMIC","","","","","","","","","","","","","","","","","","","","","1.8","","","","","","2.3","3.3","","","","5.5","6.1","7","6.8","10.2","12","11.2","12.5","13.1","15.1","19.2","30.3","17.3","13.9","11.2","8.8","7.2","7","6.1","4.9","3.3","3.5","3.2","3.6","","3.6","3.1","4","4.8","5.8","",
"Armenia","ARM","Poverty headcount ratio at $3.20 a day (2011 PPP) (% of population)","SI.POV.LMIC","","","","","","","","","","","","","","","","","","","","","","","","","","","","","","","","","","","","","","","","44.8","","47.4","43.8","39.7","29","19.5","15.5","13.8","9.3","13.9","14.1","13.1","11.3","11.4","11.4","9.5","9.6","8.1","9.4","9.8","6.9","",
"Samoa Americana","ASM","Poverty headcount ratio at $3.20 a day (2011 PPP) (% of population)","SI.POV.LMIC","","","","","","","","","","","","","","","","","","","","","","","","","","","","","","","","","","","","","","","","","","","","","","","","","","","","","","","","","","","","","","",
"Antigua y Barbuda","ATG","Poverty headcount ratio at $3.20 a day (2011 PPP) (% of population)","SI.POV.LMIC","","","","","","","","","","","","","","","","","","","","","","","","","","","","","","","","","","","","","","","","","","","","","","","","","","","","","","","","","","","","","","",
"Australia","AUS","Poverty headcount ratio at $3.20 a day (2011 PPP) (% of population)","SI.POV.LMIC","","","","","","","","","","","","","","","","","","","","","","1.2","","","","1.3","","","","1","","","","","","1.2","","","","","","1","","1.2","0.7","","","","0.7","","0.7","","","","0.7","","0.5","","0.7","","","",
"Austria","AUT","Poverty headcount ratio at $3.20 a day (2011 PPP) (% of population)","SI.POV.LMIC","","","","","","","","","","","","","","","","","","","","","","","","","","","","0","","","","","","","0.5","1.2","","0.5","","","0.2","","","0.4","0.1","0.2","0.2","0.6","0.6","0.7","0.6","0.6","0.7","0.4","0.3","0.7","0.9","0.4","0.7","0.7","","",
"Azerbaiyán","AZE","Poverty headcount ratio at $3.20 a day (2011 PPP) (% of population)","SI.POV.LMIC","","","","","","","","","","","","","","","","","","","","","","","","","","","","","","","","","","","","25.4","","","","","","16.7","0.6","0.9","0.2","0","","","","","","","","","","","","","","","","",
"Burundi","BDI","Poverty headcount ratio at $3.20 a day (2011 PPP) (% of population)","SI.POV.LMIC","","","","","","","","","","","","","","","","","","","","","","","","","","","","","","","","","95.1","","","","","","95.4","","","","","","","","93.1","","","","","","","89.6","","","","","","","","",
"Bélgica","BEL","Poverty headcount ratio at $3.20 a day (2011 PPP) (% of population)","SI.POV.LMIC","","","","","","","","","","","","","","","","","","","","","","","","","","0.5","","","0.7","","","","1","","","0.7","","0.5","","","0.7","","","0.5","0.1","0.3","0.2","0.2","0.1","0.2","0.2","0.3","0.2","0.2","0.1","0.2","0.1","0.2","0.1","0.1","","",
"Benin","BEN","Poverty headcount ratio at $3.20 a day (2011 PPP) (% of population)","SI.POV.LMIC","","","","","","","","","","","","","","","","","","","","","","","","","","","","","","","","","","","","","","","","","","","","79.8","","","","","","","","76.8","","","","76.2","","","51.3","","","",
"Burkina Faso","BFA","Poverty headcount ratio at $3.20 a day (2011 PPP) (% of population)","SI.POV.LMIC","","","","","","","","","","","","","","","","","","","","","","","","","","","","","","","","","","","92.9","","","","91.4","","","","","80.5","","","","","","81.8","","","","","76.7","","","","61.8","","","",
"Bangladesh","BGD","Poverty headcount ratio at $3.20 a day (2011 PPP) (% of population)","SI.POV.LMIC","","","","","","","","","","","","","","","","","","","","","","","","83.2","","78.5","","","82.7","","","83.5","","","","74.8","","","","","72.3","","","","","65.8","","","","","60","","","","","","52.3","","","","","",
"Bulgaria","BGR","Poverty headcount ratio at $3.20 a day (2011 PPP) (% of population)","SI.POV.LMIC","","","","","","","","","","","","","","","","","","","","","","","","","","","","","","","","","","","","","","","","","","","","","","","11","4.8","3.4","2.9","4.4","5","5.4","5","3.9","6","4.6","3.3","2.2","2.6","","",
"Bahrein","BHR","Poverty headcount ratio at $3.20 a day (2011 PPP) (% of population)","SI.POV.LMIC","","","","","","","","","","","","","","","","","","","","","","","","","","","","","","","","","","","","","","","","","","","","","","","","","","","","","","","","","","","","","","",
"Bahamas","BHS","Poverty headcount ratio at $3.20 a day (2011 PPP) (% of population)","SI.POV.LMIC","","","","","","","","","","","","","","","","","","","","","","","","","","","","","","","","","","","","","","","","","","","","","","","","","","","","","","","","","","","","","","",
"Bosnia y Herzegovina","BIH","Poverty headcount ratio at $3.20 a day (2011 PPP) (% of population)","SI.POV.LMIC","","","","","","","","","","","","","","","","","","","","","","","","","","","","","","","","","","","","","","","","","","0.9","","","0.6","","","0.4","","","","0.7","","","","","","","","","","",
"Belarús","BLR","Poverty headcount ratio at $3.20 a day (2011 PPP) (% of population)","SI.POV.LMIC","","","","","","","","","","","","","","","","","","","","","","","","","","","","","","","","","","","","","","","39.8","34.9","27.8","15.6","11.4","9.4","4.7","2.7","1.2","1.1","0.5","0.6","0.2","0.1","0.1","0","0","0","0","0","0","0","0","",
"Belice","BLZ","Poverty headcount ratio at $3.20 a day (2011 PPP) (% of population)","SI.POV.LMIC","","","","","","","","","","","","","","","","","","","","","","","","","","","","","","","","","","24.7","26.3","","31.3","34.8","33.1","27.7","","","","","","","","","","","","","","","","","","","","","","",
"Bermudas","BMU","Poverty headcount ratio at $3.20 a day (2011 PPP) (% of population)","SI.POV.LMIC","","","","","","","","","","","","","","","","","","","","","","","","","","","","","","","","","","","","","","","","","","","","","","","","","","","","","","","","","","","","","","",
"Bolivia","BOL","Poverty headcount ratio at $3.20 a day (2011 PPP) (% of population)","SI.POV.LMIC","","","","","","","","","","","","","","","","","","","","","","","","","","","","","","","","","","","","","","31.9","","38.1","41.3","36.1","38.2","","28.9","32","28.5","26.3","20","18.3","","14","14.6","12.2","12.1","11.6","13.1","12.4","11","7.8","9","",
"Brasil","BRA","Poverty headcount ratio at $3.20 a day (2011 PPP) (% of population)","SI.POV.LMIC","","","","","","","","","","","","","","","","","","","","","","39","39","47.1","46.4","41.5","23.2","33","35.7","33","38.3","","37.1","36.3","","26.8","27.2","27.5","25.3","27.1","","23.3","22.3","23.3","21.4","19.6","17","15.6","13.4","12.4","","10.2","9.3","8.1","7.3","8.1","9.3","9.5","9.6","9.5","4.3","",
"Barbados","BRB","Poverty headcount ratio at $3.20 a day (2011 PPP) (% of population)","SI.POV.LMIC","","","","","","","","","","","","","","","","","","","","","","","","","","","","","","","","","","","","","","","","","","","","","","","","","","","","","","","","","","","","","","",
"Brunei Darussalam","BRN","Poverty headcount ratio at $3.20 a day (2011 PPP) (% of population)","SI.POV.LMIC","","","","","","","","","","","","","","","","","","","","","","","","","","","","","","","","","","","","","","","","","","","","","","","","","","","","","","","","","","","","","","",
"Bhután","BTN","Poverty headcount ratio at $3.20 a day (2011 PPP) (% of population)","SI.POV.LMIC","","","","","","","","","","","","","","","","","","","","","","","","","","","","","","","","","","","","","","","","","","","","45.3","","","","30.6","","","","","14.7","","","","","12.2","","","","",
"Botswana","BWA","Poverty headcount ratio at $3.20 a day (2011 PPP) (% of population)","SI.POV.LMIC","","","","","","","","","","","","","","","","","","","","","","","","","","62.2","","","","","","","","54.3","","","","","","","","","48.7","","","","","","","35.5","","","","","","36.5","","","","","","",
"República Centroafricana","CAF","Poverty headcount ratio at $3.20 a day (2011 PPP) (% of population)","SI.POV.LMIC","","","","","","","","","","","","","","","","","","","","","","","","","","","","","","","","","92.2","","","","","","","","","","","","","","","","82.9","","","","","","","","","","","","","",
"Canadá","CAN","Poverty headcount ratio at $3.20 a day (2011 PPP) (% of population)","SI.POV.LMIC","","","","","","","","","","","","3","","","","1.2","","","","","","0.7","","","","","","0.2","","","","0.2","","","0.2","","","0.5","0.5","","0.5","","","","0.2","","","0.2","","","0.2","","0.2","0.5","0.5","0.5","0.5","0.5","","","","",
"Europa Central y del Báltico","CEB","Poverty headcount ratio at $3.20 a day (2011 PPP) (% of population)","SI.POV.LMIC","","","","","","","","","","","","","","","","","","","","","","","","","","","","","","","","","","","","","","","","","","","","","","","","","","","","","","","","","","","","","","",
"Suiza","CHE","Poverty headcount ratio at $3.20 a day (2011 PPP) (% of population)","SI.POV.LMIC","","","","","","","","","","","","","","","","","","","","","","","0.7","","","","","","","","","","0.7","","","","","","","","0.2","","0","","","","0.1","0.1","0.1","0.1","0.1","0","0","0","0","0","0.1","0","0","","","",
"Islas del Canal","CHI","Poverty headcount ratio at $3.20 a day (2011 PPP) (% of population)","SI.POV.LMIC","","","","","","","","","","","","","","","","","","","","","","","","","","","","","","","","","","","","","","","","","","","","","","","","","","","","","","","","","","","","","","",
"Chile","CHL","Poverty headcount ratio at $3.20 a day (2011 PPP) (% of population)","SI.POV.LMIC","","","","","","","","","","","","","","","","","","","","","","","","","","","","28.4","","","22.2","","16.3","","15.2","","12.2","","11.1","","12.1","","","11.2","","","5.4","","","4","","2.6","","1.3","","1","","0.7","","","1.4","",
"China","CHN","Poverty headcount ratio at $3.20 a day (2011 PPP) (% of population)","SI.POV.LMIC","","","","","","","","","","","","","","","","","","","","","","","","","","","","","","","90","","","83.4","","","72.9","","","68.4","","","57.7","","","43.2","","","34.7","","28.6","23.5","20.2","12.1","9.5","7","5.4","4.6","3.2","1.7","","",
"Côte d'Ivoire","CIV","Poverty headcount ratio at $3.20 a day (2011 PPP) (% of population)","SI.POV.LMIC","","","","","","","","","","","","","","","","","","","","","","","","","","20.6","21.1","28.2","35.9","","","","51.4","","","50.8","","","60.6","","","","58.1","","","","","","59.1","","","","","","","59.1","","","34.9","","","",
"Camerún","CMR","Poverty headcount ratio at $3.20 a day (2011 PPP) (% of population)","SI.POV.LMIC","","","","","","","","","","","","","","","","","","","","","","","","","","","","","","","","","","","","","75.4","","","","","55.8","","","","","","58.4","","","","","","","47","","","","","","","",
"Congo, República Democrática del","COD","Poverty headcount ratio at $3.20 a day (2011 PPP) (% of population)","SI.POV.LMIC","","","","","","","","","","","","","","","","","","","","","","","","","","","","","","","","","","","","","","","","","","","","","98.5","","","","","","","","91.4","","","","","","","","","",
"Congo, República del","COG","Poverty headcount ratio at $3.20 a day (2011 PPP) (% of population)","SI.POV.LMIC","","","","","","","","","","","","","","","","","","","","","","","","","","","","","","","","","","","","","","","","","","","","","","76.2","","","","","","64.1","","","","","","","","","","",
"Colombia","COL","Poverty headcount ratio at $3.20 a day (2011 PPP) (% of population)","SI.POV.LMIC","","","","","","","","","","","","","","","","","","","","","","","","","","","","","","","","","23.1","","","","32.4","","","36.4","31.4","37.7","28.5","27.7","26.9","23.9","","","22.6","20.7","18.5","16.5","15.6","14.2","13.2","11.9","11.8","11.1","11.1","12.7","19.9","",
"Comoras","COM","Poverty headcount ratio at $3.20 a day (2011 PPP) (% of population)","SI.POV.LMIC","","","","","","","","","","","","","","","","","","","","","","","","","","","","","","","","","","","","","","","","","","","","","37.4","","","","","","","","","","39.7","","","","","","","",
"Cabo Verde","CPV","Poverty headcount ratio at $3.20 a day (2011 PPP) (% of population)","SI.POV.LMIC","","","","","","","","","","","","","","","","","","","","","","","","","","","","","","","","","","","","","","","","","","38.1","","","","","","26.9","","","","","","","","15.4","","","","","","",
"Costa Rica","CRI","Poverty headcount ratio at $3.20 a day (2011 PPP) (% of population)","SI.POV.LMIC","","","","","","","","","","","","","","","","","","","","","","43.1","","","","","27.4","","","20.4","19.7","23.7","20.5","16.4","13.9","14.5","17","14.1","11.4","13.4","13.9","10.9","9.9","9.9","9.4","8","7.9","5.4","5.4","5.7","3.9","4.3","4.1","4","4","4.1","3.8","2.8","3.7","3.3","5.7","",
"Estados pequeos del Caribe","CSS","Poverty headcount ratio at $3.20 a day (2011 PPP) (% of population)","SI.POV.LMIC","","","","","","","","","","","","","","","","","","","","","","","","","","","","","","","","","","","","","","","","","","","","","","","","","","","","","","","","","","","","","","",
"Cuba","CUB","Poverty headcount ratio at $3.20 a day (2011 PPP) (% of population)","SI.POV.LMIC","","","","","","","","","","","","","","","","","","","","","","","","","","","","","","","","","","","","","","","","","","","","","","","","","","","","","","","","","","","","","","",
"Curacao","CUW","Poverty headcount ratio at $3.20 a day (2011 PPP) (% of population)","SI.POV.LMIC","","","","","","","","","","","","","","","","","","","","","","","","","","","","","","","","","","","","","","","","","","","","","","","","","","","","","","","","","","","","","","",
"Islas Caimán","CYM","Poverty headcount ratio at $3.20 a day (2011 PPP) (% of population)","SI.POV.LMIC","","","","","","","","","","","","","","","","","","","","","","","","","","","","","","","","","","","","","","","","","","","","","","","","","","","","","","","","","","","","","","",
"Chipre","CYP","Poverty headcount ratio at $3.20 a day (2011 PPP) (% of population)","SI.POV.LMIC","","","","","","","","","","","","","","","","","","","","","","","","","","","","","","","","","","","","","","","","","","","","","0.1","0.1","0","0","0","0.1","0.1","0","0","0.2","0.2","0.1","0.1","0.1","0.1","0.2","","",
"República Checa","CZE","Poverty headcount ratio at $3.20 a day (2011 PPP) (% of population)","SI.POV.LMIC","","","","","","","","","","","","","","","","","","","","","","","","","","","","","","","","","0","0","","","0.2","","","","","","0","","0","0.1","0.1","0.2","0.1","0.1","0.1","0.1","0.3","0.1","0.1","0","0.1","0.1","0","0","","",
"Alemania","DEU","Poverty headcount ratio at $3.20 a day (2011 PPP) (% of population)","SI.POV.LMIC","","","","","","","","","","","","","","","","","","","","","","","","","","","","","","","","0","0.2","0","0.2","0.2","0.2","0.2","0","0.2","0.2","0","0","0.2","0.2","0","0","0","0.2","0","0.2","0","0","0","0.2","0","0","0.2","0.2","","","",
"Djibouti","DJI","Poverty headcount ratio at $3.20 a day (2011 PPP) (% of population)","SI.POV.LMIC","","","","","","","","","","","","","","","","","","","","","","","","","","","","","","","","","","","","","","","","","","","47.3","","","","","","","","","","38","44.2","","","","39.8","","","","",
"Dominica","DMA","Poverty headcount ratio at $3.20 a day (2011 PPP) (% of population)","SI.POV.LMIC","","","","","","","","","","","","","","","","","","","","","","","","","","","","","","","","","","","","","","","","","","","","","","","","","","","","","","","","","","","","","","",
"Dinamarca","DNK","Poverty headcount ratio at $3.20 a day (2011 PPP) (% of population)","SI.POV.LMIC","","","","","","","","","","","","","","","","","","","","","","","","","","","","0.7","","","","","0.7","","","0.2","","","","","0","","","0.4","0.3","0.3","0.2","0.3","0.4","0.6","0.1","0","0","0.3","0.2","0.2","0.3","0.2","0.2","0.3","","",
"República Dominicana","DOM","Poverty headcount ratio at $3.20 a day (2011 PPP) (% of population)","SI.POV.LMIC","","","","","","","","","","","","","","","","","","","","","","","","","","","14","","","31.9","","","18.6","","","","14.1","13.2","","","13.3","12.7","14.5","17.8","23.5","17.2","14.5","14","14.6","13.1","12.8","10.4","11.1","10.1","7.8","6.4","5.9","3.8","2.6","2.7","4","",
"Argelia","DZA","Poverty headcount ratio at $3.20 a day (2011 PPP) (% of population)","SI.POV.LMIC","","","","","","","","","","","","","","","","","","","","","","","","","","","","","24.5","","","","","","","23.5","","","","","","","","","","","","","","","","3.7","","","","","","","","","","",
"Asia oriental y el Pacífico (excluido altos ingresos)","EAP","Poverty headcount ratio at $3.20 a day (2011 PPP) (% of population)","SI.POV.LMIC","","","","","","","","","","","","","","","","","","","","","","","","","","","","","","","","","","","","","","","","","","","","","","","","","","","","","","","","","","","","","","",
"inicial del dividendo demográfico","EAR","Poverty headcount ratio at $3.20 a day (2011 PPP) (% of population)","SI.POV.LMIC","","","","","","","","","","","","","","","","","","","","","","","","","","","","","","","","","","","","","","","","","","","","","","","","","","","","","","","","","","","","","","",
"Asia oriental y el Pacífico","EAS","Poverty headcount ratio at $3.20 a day (2011 PPP) (% of population)","SI.POV.LMIC","","","","","","","","","","","","","","","","","","","","","","93.4","92.9","92","90.8","89.5","88.3","86.3","83.5","86.2","85","83.7","81.6","79.4","76.3","73.2","70.1","69.2","69.2","66.6","63.6","61.1","56.6","53.4","49.8","44.6","42.9","39.1","37","34.1","29.9","25.8","23.1","16.9","14.5","11.9","10.3","9","7.4","5.9","","",
"Europa y Asia central (excluido altos ingresos)","ECA","Poverty headcount ratio at $3.20 a day (2011 PPP) (% of population)","SI.POV.LMIC","","","","","","","","","","","","","","","","","","","","","","","","","","","","","","","","","","","","","","","","","","","","","","","","","","","","","","","","","","","","","","",
"Europa y Asia central","ECS","Poverty headcount ratio at $3.20 a day (2011 PPP) (% of population)","SI.POV.LMIC","","","","","","","","","","","","","","","","","","","","","","","","","","","","","","","8.8","10.1","13","15.1","19.1","17.4","18.1","15.8","16.2","21.5","18.9","17","15","14.3","12.2","11.5","9.8","8.5","7.2","6.9","6.8","6.4","6.1","5.6","5.7","5.4","4.8","4.7","4","4.1","","",
"Ecuador","ECU","Poverty headcount ratio at $3.20 a day (2011 PPP) (% of population)","SI.POV.LMIC","","","","","","","","","","","","","","","","","","","","","","","","","","","","","","","","","","","34.9","","","","","40.3","50","","","30.5","31.9","25.3","19.9","19.4","18.3","17.3","14.9","12.2","11.5","10.1","8.6","9.4","9.4","8.7","9.7","9.8","14.2","",
"Egipto, República Árabe de","EGY","Poverty headcount ratio at $3.20 a day (2011 PPP) (% of population)","SI.POV.LMIC","","","","","","","","","","","","","","","","","","","","","","","","","","","","","","","40.5","","","","","41.6","","","","26.7","","","","","35.4","","","","33.5","","23.7","","19","","","18.2","","28.9","","","","",
"Zona del Euro","EMU","Poverty headcount ratio at $3.20 a day (2011 PPP) (% of population)","SI.POV.LMIC","","","","","","","","","","","","","","","","","","","","","","","","","","","","","","","","","","","","","","","","","","","","","","","","","","","","","","","","","","","","","","",
"Eritrea","ERI","Poverty headcount ratio at $3.20 a day (2011 PPP) (% of population)","SI.POV.LMIC","","","","","","","","","","","","","","","","","","","","","","","","","","","","","","","","","","","","","","","","","","","","","","","","","","","","","","","","","","","","","","",
"España","ESP","Poverty headcount ratio at $3.20 a day (2011 PPP) (% of population)","SI.POV.LMIC","","","","","","","","","","","","","","","","","","","","","1.7","","","","","1.4","","","","","1","","","","","1.7","","","","","0.7","","","1.2","1.3","1.1","1.1","0.7","0.9","1.1","1.1","1.7","1.6","1.7","1.5","1.5","1.7","1.1","1.3","1.2","","",
"Estonia","EST","Poverty headcount ratio at $3.20 a day (2011 PPP) (% of population)","SI.POV.LMIC","","","","","","","","","","","","","","","","","","","","","","","","","","","","","","","","","","","","","","","","","","","","4.9","2.7","1.6","1.3","0.8","0.7","1.1","1.6","1.6","1.3","1.5","1.2","0.9","0.7","0.5","0.5","0.8","","",
"Etiopía","ETH","Poverty headcount ratio at $3.20 a day (2011 PPP) (% of population)","SI.POV.LMIC","","","","","","","","","","","","","","","","","","","","","","","","","","","","","","","","","","","","88.6","","","","89.2","","","","","79.8","","","","","","74.6","","","","","68.9","","","","","","",
"Unión Europea","EUU","Poverty headcount ratio at $3.20 a day (2011 PPP) (% of population)","SI.POV.LMIC","","","","","","","","","","","","","","","","","","","","","","","","","","","","","","","","","","","","","","","","","","","","","","","","","","","","","","","","","","","","","","",
"Frágiles y situaciones de conflicto afectados","FCS","Poverty headcount ratio at $3.20 a day (2011 PPP) (% of population)","SI.POV.LMIC","","","","","","","","","","","","","","","","","","","","","","","","","","","","","","","","","","74.4","75.1","75.2","74.4","73.6","72.7","72.6","","71.2","70.8","71.9","68.6","66.9","65.7","64.6","63.6","62.9","61.3","60.9","60.7","60","59.3","62","61.4","60.7","60.5","","","",
"Finlandia","FIN","Poverty headcount ratio at $3.20 a day (2011 PPP) (% of population)","SI.POV.LMIC","","","","","","","","","","","","","","","","","","","","","","","","","","","","0","","","","0","","","","0","","","","","0","","","0.1","0.1","0.1","0.1","0.1","0.1","0.1","0.1","0.1","0.1","0.1","0.1","0.1","0.1","0.1","0.1","0.1","","",
"Fiji","FJI","Poverty headcount ratio at $3.20 a day (2011 PPP) (% of population)","SI.POV.LMIC","","","","","","","","","","","","","","","","","","","","","","","","","","","","","","","","","","","","","","","","","","","14.2","","","","","","10.9","","","","","7.5","","","","","","14.5","","",
"Francia","FRA","Poverty headcount ratio at $3.20 a day (2011 PPP) (% of population)","SI.POV.LMIC","","","","","","","","","","","","","","","","","","","1.5","","","","","","2","","","","","1.2","","","","","0.2","","","","","","0.2","","","0.2","0.1","0.1","0","0","0","0.1","0.1","0.1","0.1","0.1","0","0.2","0.1","0","0.1","","","",
"Islas Feroe","FRO","Poverty headcount ratio at $3.20 a day (2011 PPP) (% of population)","SI.POV.LMIC","","","","","","","","","","","","","","","","","","","","","","","","","","","","","","","","","","","","","","","","","","","","","","","","","","","","","","","","","","","","","","",
"Micronesia (Estados Federados de)","FSM","Poverty headcount ratio at $3.20 a day (2011 PPP) (% of population)","SI.POV.LMIC","","","","","","","","","","","","","","","","","","","","","","","","","","","","","","","","","","","","","","","","","","","","","","24.6","","","","","","","","38.7","","","","","","","","",
"Gabón","GAB","Poverty headcount ratio at $3.20 a day (2011 PPP) (% of population)","SI.POV.LMIC","","","","","","","","","","","","","","","","","","","","","","","","","","","","","","","","","","","","","","","","","","","","","","25.8","","","","","","","","","","","","11.2","","","","",
"Reino Unido","GBR","Poverty headcount ratio at $3.20 a day (2011 PPP) (% of population)","SI.POV.LMIC","","","","","","","","","","0.5","","","","","0.2","","","","","0.5","","","","","","","1.2","","","","","0.5","","","0.5","0.5","0.2","0.2","0.2","0.2","0.2","0.5","0.2","0.2","0.6","0.8","0.4","0.5","0.5","0.3","0.3","0.5","0.2","0.2","0.3","0.3","0.3","0.5","","","","",
"Georgia","GEO","Poverty headcount ratio at $3.20 a day (2011 PPP) (% of population)","SI.POV.LMIC","","","","","","","","","","","","","","","","","","","","","","","","","","","","","","","","","","","","","16.7","35.8","34.6","41.3","44.2","46.4","29.9","30.1","27.8","30.1","30.1","32.5","28.9","28.9","30.6","28.3","25.4","20.8","17.8","15.7","16.1","16.1","15.5","14.8","17","",
"Ghana","GHA","Poverty headcount ratio at $3.20 a day (2011 PPP) (% of population)","SI.POV.LMIC","","","","","","","","","","","","","","","","","","","","","","","","","","","","73.9","73.1","","","77.3","","","","","","","62.1","","","","","","","48","","","","","","","30.9","","","","29.3","","","","","",
"Gibraltar","GIB","Poverty headcount ratio at $3.20 a day (2011 PPP) (% of population)","SI.POV.LMIC","","","","","","","","","","","","","","","","","","","","","","","","","","","","","","","","","","","","","","","","","","","","","","","","","","","","","","","","","","","","","","",
"Guinea","GIN","Poverty headcount ratio at $3.20 a day (2011 PPP) (% of population)","SI.POV.LMIC","","","","","","","","","","","","","","","","","","","","","","","","","","","","","","","","98.5","","","73.8","","","","","","","","84.5","","","","","81.4","","","","","70.9","","","","","","60.4","","","",
"Gambia","GMB","Poverty headcount ratio at $3.20 a day (2011 PPP) (% of population)","SI.POV.LMIC","","","","","","","","","","","","","","","","","","","","","","","","","","","","","","","","","","","","","","","86.9","","","","","69.8","","","","","","","53.5","","","","","38.4","","","","","","",
"Guinea-Bissau","GNB","Poverty headcount ratio at $3.20 a day (2011 PPP) (% of population)","SI.POV.LMIC","","","","","","","","","","","","","","","","","","","","","","","","","","","","","","","","63.8","","70.8","","","","","","","","","84.5","","","","","","","","85.4","","","","","","","","59.5","","","",
"Guinea Ecuatorial","GNQ","Poverty headcount ratio at $3.20 a day (2011 PPP) (% of population)","SI.POV.LMIC","","","","","","","","","","","","","","","","","","","","","","","","","","","","","","","","","","","","","","","","","","","","","","","","","","","","","","","","","","","","","","",
"Grecia","GRC","Poverty headcount ratio at $3.20 a day (2011 PPP) (% of population)","SI.POV.LMIC","","","","","","","","","","","","","","","","","","","","","","","","","","","","","","","","","","","","2.2","","","","","1","","","0.7","1","0.5","0.9","0.8","0.5","0.7","1.3","2","2.9","2.7","3","2.9","2.1","1.6","0.3","1.3","","",
"Granada","GRD","Poverty headcount ratio at $3.20 a day (2011 PPP) (% of population)","SI.POV.LMIC","","","","","","","","","","","","","","","","","","","","","","","","","","","","","","","","","","","","","","","","","","","","","","","","","","","","","","","","","","","","","","",
"Groenlandia","GRL","Poverty headcount ratio at $3.20 a day (2011 PPP) (% of population)","SI.POV.LMIC","","","","","","","","","","","","","","","","","","","","","","","","","","","","","","","","","","","","","","","","","","","","","","","","","","","","","","","","","","","","","","",
"Guatemala","GTM","Poverty headcount ratio at $3.20 a day (2011 PPP) (% of population)","SI.POV.LMIC","","","","","","","","","","","","","","","","","","","","","","","","","","","68.8","","","54.2","","","","","","","","","28.3","","22.4","","","","","","24.3","","","","","","","","24.4","","","","","","","",
"Guam","GUM","Poverty headcount ratio at $3.20 a day (2011 PPP) (% of population)","SI.POV.LMIC","","","","","","","","","","","","","","","","","","","","","","","","","","","","","","","","","","","","","","","","","","","","","","","","","","","","","","","","","","","","","","",
"Guyana","GUY","Poverty headcount ratio at $3.20 a day (2011 PPP) (% of population)","SI.POV.LMIC","","","","","","","","","","","","","","","","","","","","","","","","","","","","","","","","","54.9","","","","","","24","","","","","","","","","","","","","","","","","","","","","","","",
"Ingreso alto","HIC","Poverty headcount ratio at $3.20 a day (2011 PPP) (% of population)","SI.POV.LMIC","","","","","","","","","","","","","","","","","","","","","","1.5","1.6","1.6","1.6","1.5","1.5","1.4","1.2","1.1","1.1","1.1","1.1","1.3","1.6","1.3","1.7","1","1","0.9","0.9","1","0.9","1","0.9","0.9","0.8","0.8","0.8","0.7","0.8","0.8","0.8","0.9","0.9","0.9","0.8","0.9","0.8","0.7","","",
"Hong Kong, Región Administrativa Especial","HKG","Poverty headcount ratio at $3.20 a day (2011 PPP) (% of population)","SI.POV.LMIC","","","","","","","","","","","","","","","","","","","","","","","","","","","","","","","","","","","","","","","","","","","","","","","","","","","","","","","","","","","","","","",
"Honduras","HND","Poverty headcount ratio at $3.20 a day (2011 PPP) (% of population)","SI.POV.LMIC","","","","","","","","","","","","","","","","","","","","","","","","","","","","","","62.6","64.9","58","52.7","46.3","47","49.3","51.6","40.8","42.6","43.9","","36","40.8","45.6","44.6","42","37.3","32.6","30.9","27.8","29.9","30","35.7","31.6","31.8","30.9","30.4","29.3","29.6","29","","",
"Países pobres muy endeudados (PPME)","HPC","Poverty headcount ratio at $3.20 a day (2011 PPP) (% of population)","SI.POV.LMIC","","","","","","","","","","","","","","","","","","","","","","","","","","","","","","","","","","","","","","","","","","","","","","","","","","","","","","","","","","","","","","",
"Croacia","HRV","Poverty headcount ratio at $3.20 a day (2011 PPP) (% of population)","SI.POV.LMIC","","","","","","","","","","","","","","","","","","","","","","","","","","","","","","","","","","","","","","","","","","","","","","","","","","1.7","2.3","1.9","2.2","2","1.8","1.3","1.3","1.1","0.7","0.6","","",
"Haití","HTI","Poverty headcount ratio at $3.20 a day (2011 PPP) (% of population)","SI.POV.LMIC","","","","","","","","","","","","","","","","","","","","","","","","","","","","","","","","","","","","","","","","","","","","","","","","","","","","","50.3","","","","","","","","","",
"Hungría","HUN","Poverty headcount ratio at $3.20 a day (2011 PPP) (% of population)","SI.POV.LMIC","","","","","","","","","","","","","","","","","","","","","","","","","","","","","","","","","","","","","","","","","","","","","0.3","1.2","0.3","0.3","0.2","0.1","0.3","0.3","0.6","0.8","1","1.1","1.8","1.2","0.5","0.7","","",
"Sólo BIRF","IBD","Poverty headcount ratio at $3.20 a day (2011 PPP) (% of population)","SI.POV.LMIC","","","","","","","","","","","","","","","","","","","","","","","","","","","","","","","","","","","","","","","","","","","","","","","","","","","","","","","","","","","","","","",
"BIRF y la AIF","IBT","Poverty headcount ratio at $3.20 a day (2011 PPP) (% of population)","SI.POV.LMIC","","","","","","","","","","","","","","","","","","","","","","","","","","","","","","","","","","","","","","","","","","","","","","","","","","","","","","","","","","","","","","",
"total de la AIF","IDA","Poverty headcount ratio at $3.20 a day (2011 PPP) (% of population)","SI.POV.LMIC","","","","","","","","","","","","","","","","","","","","","","","","","","","","","","78.3","78.7","79","78.4","78.4","78.7","77.3","76.4","76.2","76.2","76.6","76.7","76.6","76.3","75.2","72.6","70.9","69.6","68","66.8","65.8","63.9","62.9","62","60.9","59.7","59.6","58.4","56.7","55.6","55.4","","",
"mezcla de la AIF","IDB","Poverty headcount ratio at $3.20 a day (2011 PPP) (% of population)","SI.POV.LMIC","","","","","","","","","","","","","","","","","","","","","","","","","","","","","","","","","","","","","","","","","","","","","","","","","","","","","","","","","","","","","","",
"Indonesia","IDN","Poverty headcount ratio at $3.20 a day (2011 PPP) (% of population)","SI.POV.LMIC","","","","","","","","","","","","","","","","","","","","","","","","","90.6","","","91.6","","","85.4","","","84.9","","","77.6","","88.8","77.6","77.2","74.6","61.3","59.8","59.8","57.3","62.4","55.2","53.9","51.1","45","41.9","40.3","37.6","34.8","30.5","28.6","24.6","21.5","19.9","18.8","18",
"Sólo AIF","IDX","Poverty headcount ratio at $3.20 a day (2011 PPP) (% of population)","SI.POV.LMIC","","","","","","","","","","","","","","","","","","","","","","","","","","","","","","","","","","","","","","","","","","","","","","","","","","","","","","","","","","","","","","",
"Isla de Man","IMN","Poverty headcount ratio at $3.20 a day (2011 PPP) (% of population)","SI.POV.LMIC","","","","","","","","","","","","","","","","","","","","","","","","","","","","","","","","","","","","","","","","","","","","","","","","","","","","","","","","","","","","","","",
"India","IND","Poverty headcount ratio at $3.20 a day (2011 PPP) (% of population)","SI.POV.LMIC","","","","","","","","","","","","","","","","","","88.7","","","","","","86.2","","","","83.6","","","","","","82","","","","","","","","","","","76.3","","","","","71.1","","61.7","","","","","","","","","","",
"No clasificado","INX","Poverty headcount ratio at $3.20 a day (2011 PPP) (% of population)","SI.POV.LMIC","","","","","","","","","","","","","","","","","","","","","","","","","","","","","","","","","","","","","","","","","","","","","","","","","","","","","","","","","","","","","","",
"Irlanda","IRL","Poverty headcount ratio at $3.20 a day (2011 PPP) (% of population)","SI.POV.LMIC","","","","","","","","","","","","","","","","","","","","","","","","","","","","1.5","","","","","","","0.5","0.5","0.2","","","","0.2","","0.2","0.2","0.1","0.1","0.5","0.1","0.3","0.6","0.8","0.7","0.5","0.8","0.5","0.4","0.4","0.3","0.1","","","",
"Irán, República Islámica del","IRN","Poverty headcount ratio at $3.20 a day (2011 PPP) (% of population)","SI.POV.LMIC","","","","","","","","","","","","","","","","","","","","","","","","","","","20.5","","","","20.1","","","","14.3","","","","14","","","","","","","4","4.1","","","4.5","","","","1.7","3.2","3.2","3.1","2.9","3.1","4.3","","",
"Iraq","IRQ","Poverty headcount ratio at $3.20 a day (2011 PPP) (% of population)","SI.POV.LMIC","","","","","","","","","","","","","","","","","","","","","","","","","","","","","","","","","","","","","","","","","","","","","","","15.7","","","","","","14.8","","","","","","","","","",
"Islandia","ISL","Poverty headcount ratio at $3.20 a day (2011 PPP) (% of population)","SI.POV.LMIC","","","","","","","","","","","","","","","","","","","","","","","","","","","","","","","","","","","","","","","","","","","","0","0.2","0.1","0.3","0.1","0.1","0.1","0.2","0.2","0.1","0.1","0","0","0.1","0","","","","",
"Israel","ISR","Poverty headcount ratio at $3.20 a day (2011 PPP) (% of population)","SI.POV.LMIC","","","","","","","","","","","","","","","","","","","","0.8","","","","","","","0.7","","","","","","0.2","","","","","0.7","","","","0.5","1.5","1.5","1.5","1.2","1","1","1","1.2","1","1","1.2","1","1","0.7","0.7","1","1","","","",
"Italia","ITA","Poverty headcount ratio at $3.20 a day (2011 PPP) (% of population)","SI.POV.LMIC","","","","","","","","","","","","","","","","","","","","","","","","","","","0.5","1.7","","0.2","","0.2","","1.9","","1","","","2.2","","1.7","","","1.1","0.9","1","0.9","1.1","1","1.3","1.6","1.5","1.8","2","1.7","2.5","2.2","1.8","2.1","","","",
"Jamaica","JAM","Poverty headcount ratio at $3.20 a day (2011 PPP) (% of population)","SI.POV.LMIC","","","","","","","","","","","","","","","","","","","","","","","","","","","","","20.4","","20.7","","","31","","","14.3","","","10.1","","","11.3","","8.8","","","","","","","","","","","","","","","","","",
"Jordania","JOR","Poverty headcount ratio at $3.20 a day (2011 PPP) (% of population)","SI.POV.LMIC","","","","","","","","","","","","","","","","","","","","","","","","","","","2.6","","","","","","16.7","","","","","13.4","","","","","8.6","","","","3.9","","2.8","","2","","","","","","","","","","","",
"Japón","JPN","Poverty headcount ratio at $3.20 a day (2011 PPP) (% of population)","SI.POV.LMIC","","","","","","","","","","","","","","","","","","","","","","","","","","","","","","","","","","","","","","","","","","","","","","","","","0.7","","0.2","","","0.9","","","","","","","","",
"Kazajstán","KAZ","Poverty headcount ratio at $3.20 a day (2011 PPP) (% of population)","SI.POV.LMIC","","","","","","","","","","","","","","","","","","","","","","","","","","","","","","","","","","","","","21.8","","","","","29.4","24.9","19.9","14","21.7","4.8","2.3","1.7","2","1.5","0.6","0.4","0.2","0.2","0.3","0.6","0.3","0.2","","","",
"Kenya","KEN","Poverty headcount ratio at $3.20 a day (2011 PPP) (% of population)","SI.POV.LMIC","","","","","","","","","","","","","","","","","","","","","","","","","","","","","","","","","54.4","","60.9","","","59.8","","","","","","","","69.6","","","","","","","","","","66.5","","","","","","",
"Kirguistán","KGZ","Poverty headcount ratio at $3.20 a day (2011 PPP) (% of population)","SI.POV.LMIC","","","","","","","","","","","","","","","","","","","","","","","","","","","","","","","","","","","","","","","","","72.8","68.6","67","64.1","41.2","46.5","34.2","30.9","20.1","16","19","16.5","17.1","21.3","14.9","18.4","14.1","14.7","10.9","9.7","16.2","",
"Camboya","KHM","Poverty headcount ratio at $3.20 a day (2011 PPP) (% of population)","SI.POV.LMIC","","","","","","","","","","","","","","","","","","","","","","","","","","","","","","","","","","","","","","","","","","","","","","","","","","","","","","","","","","","","","","",
"Kiribati","KIR","Poverty headcount ratio at $3.20 a day (2011 PPP) (% of population)","SI.POV.LMIC","","","","","","","","","","","","","","","","","","","","","","","","","","","","","","","","","","","","","","","","","","","","","","","34.6","","","","","","","","","","","","","16.2","","",
"Saint Kitts y Nevis","KNA","Poverty headcount ratio at $3.20 a day (2011 PPP) (% of population)","SI.POV.LMIC","","","","","","","","","","","","","","","","","","","","","","","","","","","","","","","","","","","","","","","","","","","","","","","","","","","","","","","","","","","","","","",
"Corea, República de","KOR","Poverty headcount ratio at $3.20 a day (2011 PPP) (% of population)","SI.POV.LMIC","","","","","","","","","","","","","","","","","","","","","","","","","","","","","","","","","","","","","","","","","","","","","","","0.5","","0.5","","0.7","","0.5","","0.5","","0.2","","","","","",
"Kuwait","KWT","Poverty headcount ratio at $3.20 a day (2011 PPP) (% of population)","SI.POV.LMIC","","","","","","","","","","","","","","","","","","","","","","","","","","","","","","","","","","","","","","","","","","","","","","","","","","","","","","","","","","","","","","",
"América Latina y el Caribe (excluido altos ingresos)","LAC","Poverty headcount ratio at $3.20 a day (2011 PPP) (% of population)","SI.POV.LMIC","","","","","","","","","","","","","","","","","","","","","","","","","","","","","","","","","","","","","","","","","","","","","","","","","","","","","","","","","","","","","","",
"República Democrática Popular Lao","LAO","Poverty headcount ratio at $3.20 a day (2011 PPP) (% of population)","SI.POV.LMIC","","","","","","","","","","","","","","","","","","","","","","","","","","","","","","","","","67.8","","","","","82","","","","","70.9","","","","","64.1","","","","","46.6","","","","","","37.4","","","",
"Líbano","LBN","Poverty headcount ratio at $3.20 a day (2011 PPP) (% of population)","SI.POV.LMIC","","","","","","","","","","","","","","","","","","","","","","","","","","","","","","","","","","","","","","","","","","","","","","","","","","","","0.1","","","","","","","","","","",
"Liberia","LBR","Poverty headcount ratio at $3.20 a day (2011 PPP) (% of population)","SI.POV.LMIC","","","","","","","","","","","","","","","","","","","","","","","","","","","","","","","","","","","","","","","","","","","","","","","","91.3","","","","","","","76.4","","75.6","","","","","",
"Libia","LBY","Poverty headcount ratio at $3.20 a day (2011 PPP) (% of population)","SI.POV.LMIC","","","","","","","","","","","","","","","","","","","","","","","","","","","","","","","","","","","","","","","","","","","","","","","","","","","","","","","","","","","","","","",
"Santa Lucía","LCA","Poverty headcount ratio at $3.20 a day (2011 PPP) (% of population)","SI.POV.LMIC","","","","","","","","","","","","","","","","","","","","","","","","","","","","","","","","","","","","62.2","","","","","","","","","","","","","","","","","","","","","10.2","","","","","",
"América Latina y el Caribe","LCN","Poverty headcount ratio at $3.20 a day (2011 PPP) (% of population)","SI.POV.LMIC","","","","","","","","","","","","","","","","","","","","","","27.9","29.1","33.2","32.9","31.1","24.8","28.1","29","28","29.7","28.5","28.6","28.7","26.9","27.5","29.3","27.9","26.6","27.2","25.2","25","24.8","24.1","22.4","20.8","17.8","16.7","15.8","15","13.7","12.7","11.8","10.9","10.5","10.2","10.4","10.1","9.9","9.9","","",
"Países menos desarrollados: clasificación de las Naciones Unidas","LDC","Poverty headcount ratio at $3.20 a day (2011 PPP) (% of population)","SI.POV.LMIC","","","","","","","","","","","","","","","","","","","","","","","","","","","","","","","","","","","","","","","","","","","","","","","","","","","","","","","","","","","","","","",
"Países de ingreso bajo","LIC","Poverty headcount ratio at $3.20 a day (2011 PPP) (% of population)","SI.POV.LMIC","","","","","","","","","","","","","","","","","","","","","","","","","","","","","","","","","","","","81.1","80.5","80.3","80.1","80.2","80","79.7","79.8","78.9","77.2","75.8","75.5","74.7","73.7","74.1","72.9","72.7","73","73.1","72.8","74.4","73.6","72.7","72.2","","","",
"Liechtenstein","LIE","Poverty headcount ratio at $3.20 a day (2011 PPP) (% of population)","SI.POV.LMIC","","","","","","","","","","","","","","","","","","","","","","","","","","","","","","","","","","","","","","","","","","","","","","","","","","","","","","","","","","","","","","",
"Sri Lanka","LKA","Poverty headcount ratio at $3.20 a day (2011 PPP) (% of population)","SI.POV.LMIC","","","","","","","","","","","","","","","","","","","","","","","","","","46.8","","","","","44.5","","","","","42.7","","","","","","","37.8","","","","25.7","","","19.9","","","16.2","","","","11","","","","","",
"Países de ingreso mediano bajo","LMC","Poverty headcount ratio at $3.20 a day (2011 PPP) (% of population)","SI.POV.LMIC","","","","","","","","","","","","","","","","","","","","","","76.4","76.5","76","75.5","75.1","74.9","74.9","74.4","73.9","73.3","73","72.8","72.6","72.5","71.6","70.6","70.4","70.7","69.8","","68.8","67.2","66.2","64.8","63.4","62.7","60.8","59.6","58.2","54.9","51.6","49.6","47.5","45.5","43.4","41.2","39","37","","","",
"Ingreso mediano y bajo","LMY","Poverty headcount ratio at $3.20 a day (2011 PPP) (% of population)","SI.POV.LMIC","","","","","","","","","","","","","","","","","","","","","","72.2","72.2","72.2","71.5","70.6","69.4","69","67.9","68.8","68.4","68.3","67.7","67","66","64.5","63.1","62.5","62.2","61.6","60","58.9","57","55.7","53.3","50.8","49.4","47.4","46.1","44.8","42.2","39.2","37.6","34.6","33.1","31.6","30.2","28.9","","","","",
"Lesotho","LSO","Poverty headcount ratio at $3.20 a day (2011 PPP) (% of population)","SI.POV.LMIC","","","","","","","","","","","","","","","","","","","","","","","","","","","69.1","","","","","","","","64.4","","","","","","","","80.4","","","","","","","","","","","","","","","49.9","","","","",
"avanzada del dividendo demográfico","LTE","Poverty headcount ratio at $3.20 a day (2011 PPP) (% of population)","SI.POV.LMIC","","","","","","","","","","","","","","","","","","","","","","","","","","","","","","","","","","","","","","","","","","","","","","","","","","","","","","","","","","","","","","",
"Lituania","LTU","Poverty headcount ratio at $3.20 a day (2011 PPP) (% of population)","SI.POV.LMIC","","","","","","","","","","","","","","","","","","","","","","","","","","","","","","","","","","","","","","","","","","","","","7","4.3","2.8","1.9","2.3","4.3","3.1","1.5","2","2","2.7","1.4","2.2","1.5","1.3","0.7","","",
"Luxemburgo","LUX","Poverty headcount ratio at $3.20 a day (2011 PPP) (% of population)","SI.POV.LMIC","","","","","","","","","","","","","","","","","","","","","","","","","","0.2","","","","","","0","","","0","","","0","","","0","","","0.1","0","0.1","0","0","0","0.1","0","0.1","0.1","0.1","0.2","0.3","0.1","0.4","0.4","0.1","","",
"Letonia","LVA","Poverty headcount ratio at $3.20 a day (2011 PPP) (% of population)","SI.POV.LMIC","","","","","","","","","","","","","","","","","","","","","","","","","","","","","","","","","","","","","","","","","","","","","5.4","4.8","2.6","1.6","2.4","3.6","3.6","2.9","2.6","2.4","1.8","1.6","1.4","1.5","0.9","0.7","","",
"Región Administrativa Especial de Macao, China","MAC","Poverty headcount ratio at $3.20 a day (2011 PPP) (% of population)","SI.POV.LMIC","","","","","","","","","","","","","","","","","","","","","","","","","","","","","","","","","","","","","","","","","","","","","","","","","","","","","","","","","","","","","","",
"Isla de San Martín (parte francesa)","MAF","Poverty headcount ratio at $3.20 a day (2011 PPP) (% of population)","SI.POV.LMIC","","","","","","","","","","","","","","","","","","","","","","","","","","","","","","","","","","","","","","","","","","","","","","","","","","","","","","","","","","","","","","",
"Marruecos","MAR","Poverty headcount ratio at $3.20 a day (2011 PPP) (% of population)","SI.POV.LMIC","","","","","","","","","","","","","","","","","","","","","","","","","31.9","","","","","","19.3","","","","","","","","26.7","","26.7","","","","","","16.2","","","","","","","7.3","","","","","","","","",
"Mónaco","MCO","Poverty headcount ratio at $3.20 a day (2011 PPP) (% of population)","SI.POV.LMIC","","","","","","","","","","","","","","","","","","","","","","","","","","","","","","","","","","","","","","","","","","","","","","","","","","","","","","","","","","","","","","",
"República de Moldova","MDA","Poverty headcount ratio at $3.20 a day (2011 PPP) (% of population)","SI.POV.LMIC","","","","","","","","","","","","","","","","","","","","","","","","","","","","","","","","","","","","","","42.9","56.5","69","68.1","59.1","43.5","31.6","32","40.3","12.2","7.7","9","7.9","6","4.1","3.1","2.1","1.1","1.3","1.2","1","0.9","0.5","","",
"Madagascar","MDG","Poverty headcount ratio at $3.20 a day (2011 PPP) (% of population)","SI.POV.LMIC","","","","","","","","","","","","","","","","","","","","","71.1","","","","","","","","","","","","","88.6","","","","87.2","","86.2","","84.6","","","","89.2","","","","","91.2","","91.5","","","","","","","","","",
"Maldivas","MDV","Poverty headcount ratio at $3.20 a day (2011 PPP) (% of population)","SI.POV.LMIC","","","","","","","","","","","","","","","","","","","","","","","","","","","","","","","","","","","","","","","","","","","24.7","","","","","","","16.6","","","","","","","0.2","","","0","","",
"Oriente Medio y Norte de África","MEA","Poverty headcount ratio at $3.20 a day (2011 PPP) (% of population)","SI.POV.LMIC","","","","","","","","","","","","","","","","","","","","","","","","","","30.3","30.7","30.6","30.5","30.7","26.7","31","29.7","28.6","28.6","29.5","28.3","26.4","23.2","21.5","19.8","19.8","","22.6","19.3","18.5","18.1","17.3","16.6","15.6","13.9","13.2","12.6","12.8","13.8","16.1","16.5","17.9","20","","","",
"México","MEX","Poverty headcount ratio at $3.20 a day (2011 PPP) (% of population)","SI.POV.LMIC","","","","","","","","","","","","","","","","","","","","","","","","","","","","","","23.9","","","20.5","","20.3","","36.3","","27.6","","21","","18.8","","15.8","16","13","","14.4","","12.6","","12.1","","11.8","","10.5","","9.2","","9.8","",
"Islas Marshall","MHL","Poverty headcount ratio at $3.20 a day (2011 PPP) (% of population)","SI.POV.LMIC","","","","","","","","","","","","","","","","","","","","","","","","","","","","","","","","","","","","","","","","","","","","","","","","","","","","","","","","","","","","5.2","","",
" Ingreso mediano","MIC","Poverty headcount ratio at $3.20 a day (2011 PPP) (% of population)","SI.POV.LMIC","","","","","","","","","","","","","","","","","","","","","","","","","","","","","","","","","","","","","","","","","","","","","","","","","","","","","","","","","","","","","","",
"Macedonia del Norte","MKD","Poverty headcount ratio at $3.20 a day (2011 PPP) (% of population)","SI.POV.LMIC","","","","","","","","","","","","","","","","","","","","","","","","","","","","","","","","","","","","","","","","","","","","","","","","","","18.6","17.9","15.5","14.1","12","10.5","10.1","9.6","9","7.1","","","",
"Malí","MLI","Poverty headcount ratio at $3.20 a day (2011 PPP) (% of population)","SI.POV.LMIC","","","","","","","","","","","","","","","","","","","","","","","","","","","","","","","","","","","93.5","","","","","","","80.9","","","","","78.1","","","79.8","","","","","","","","","49.5","","","",
"Malta","MLT","Poverty headcount ratio at $3.20 a day (2011 PPP) (% of population)","SI.POV.LMIC","","","","","","","","","","","","","","","","","","","","","","","","","","","","","","","","","","","","","","","","","","","","","","","0.6","0.6","0.2","0.5","0.3","0.4","0.3","0","0","0.1","0.2","0.2","0.2","0.4","","",
"Myanmar","MMR","Poverty headcount ratio at $3.20 a day (2011 PPP) (% of population)","SI.POV.LMIC","","","","","","","","","","","","","","","","","","","","","","","","","","","","","","","","","","","","","","","","","","","","","","","","","","","","","","","","24.6","","15","","","","",
"Oriente Medio y Norte de África (excluido altos ingresos)","MNA","Poverty headcount ratio at $3.20 a day (2011 PPP) (% of population)","SI.POV.LMIC","","","","","","","","","","","","","","","","","","","","","","","","","","","","","","","","","","","","","","","","","","","","","","","","","","","","","","","","","","","","","","",
"Montenegro","MNE","Poverty headcount ratio at $3.20 a day (2011 PPP) (% of population)","SI.POV.LMIC","","","","","","","","","","","","","","","","","","","","","","","","","","","","","","","","","","","","","","","","","","","","","","","","","","","","","10.5","8.3","8.6","8","6","7.2","6.4","","","",
"Mongolia","MNG","Poverty headcount ratio at $3.20 a day (2011 PPP) (% of population)","SI.POV.LMIC","","","","","","","","","","","","","","","","","","","","","","","","","","","","","","","","","","","","35.9","","","59.3","","","","33.2","","","","","11.4","","","9.6","6.6","4.1","","3","","6.2","","5","","","",
"Mariana","MNP","Poverty headcount ratio at $3.20 a day (2011 PPP) (% of population)","SI.POV.LMIC","","","","","","","","","","","","","","","","","","","","","","","","","","","","","","","","","","","","","","","","","","","","","","","","","","","","","","","","","","","","","","",
"Mozambique","MOZ","Poverty headcount ratio at $3.20 a day (2011 PPP) (% of population)","SI.POV.LMIC","","","","","","","","","","","","","","","","","","","","","","","","","","","","","","","","","","","","","91.3","","","","","","92.2","","","","","","88.9","","","","","","82.4","","","","","","","",
"Mauritania","MRT","Poverty headcount ratio at $3.20 a day (2011 PPP) (% of population)","SI.POV.LMIC","","","","","","","","","","","","","","","","","","","","","","","","","","","","65.7","","","","","","69.6","","49.7","","","","","47.1","","","","47","","","","34.6","","","","","","24.1","","","","","","","",
"Mauricio","MUS","Poverty headcount ratio at $3.20 a day (2011 PPP) (% of population)","SI.POV.LMIC","","","","","","","","","","","","","","","","","","","","","","","","","","","","","","","","","","","","","","","","","","","","","","","3.6","","","","","","3.2","","","","","2.2","","","","",
"Malawi","MWI","Poverty headcount ratio at $3.20 a day (2011 PPP) (% of population)","SI.POV.LMIC","","","","","","","","","","","","","","","","","","","","","","","","","","","","","","","","","","","","","","84.4","","","","","","","90.2","","","","","","88.6","","","","","","89","","","90.4","","",
"Malasia","MYS","Poverty headcount ratio at $3.20 a day (2011 PPP) (% of population)","SI.POV.LMIC","","","","","","","","","","","","","","","","","","","","","","","","","12.9","","","12.7","","11.7","","","11.8","","","11.5","","7.3","","","","","","6.9","","","3.8","","4.3","","","1.2","","0.4","","0.3","","","","","","",
"América del Norte","NAC","Poverty headcount ratio at $3.20 a day (2011 PPP) (% of population)","SI.POV.LMIC","","","","","","","","","","","","","","","","","","","","","","","","","","","","","","","","","","","","","","","","","","","","","","","","","","","","","","","","","","","","","","",
"Namibia","NAM","Poverty headcount ratio at $3.20 a day (2011 PPP) (% of population)","SI.POV.LMIC","","","","","","","","","","","","","","","","","","","","","","","","","","","","","","","","","","","","","","","","","","","","57.1","","","","","","48","","","","","","30.3","","","","","","",
"Nueva Caledonia","NCL","Poverty headcount ratio at $3.20 a day (2011 PPP) (% of population)","SI.POV.LMIC","","","","","","","","","","","","","","","","","","","","","","","","","","","","","","","","","","","","","","","","","","","","","","","","","","","","","","","","","","","","","","",
"Níger","NER","Poverty headcount ratio at $3.20 a day (2011 PPP) (% of population)","SI.POV.LMIC","","","","","","","","","","","","","","","","","","","","","","","","","","","","","","","","","94","","94","","","","","","","","","","","90.9","","90.6","","","","83.7","","","77.2","","","","75.2","","","",
"Nigeria","NGA","Poverty headcount ratio at $3.20 a day (2011 PPP) (% of population)","SI.POV.LMIC","","","","","","","","","","","","","","","","","","","","","","","","","","80.1","","","","","","","78.7","","","","83.2","","","","","","","81.4","","","","","","","72.9","","72.1","","","70.4","","","71","","","",
"Nicaragua","NIC","Poverty headcount ratio at $3.20 a day (2011 PPP) (% of population)","SI.POV.LMIC","","","","","","","","","","","","","","","","","","","","","","","","","","","","","","","","","","57.1","","","","","46.2","","","38.2","","","","27.4","","","","23","","","","","13.1","","","","","","","",
"Países Bajos","NLD","Poverty headcount ratio at $3.20 a day (2011 PPP) (% of population)","SI.POV.LMIC","","","","","","","","","","","","","","","","","","","","","","","","1.5","","","","0.5","","","1.5","","","2","","","","","","0.5","","","","","0.4","0.2","0.1","0.1","0.2","0.2","0.1","0.2","0.1","0.1","0.2","0.1","0.2","0.3","0.2","0.1","","",
"Noruega","NOR","Poverty headcount ratio at $3.20 a day (2011 PPP) (% of population)","SI.POV.LMIC","","","","","","","","","","","","","","","","","","","","0.5","","","","","","","0.2","","","","","0.5","","","","0.5","","","","","0.2","","","0.2","0.3","0.3","0.3","0.2","0.3","0.1","0.2","0.1","0.2","0.2","0.1","0.2","0.4","0.3","0.3","0.2","","",
"Nepal","NPL","Poverty headcount ratio at $3.20 a day (2011 PPP) (% of population)","SI.POV.LMIC","","","","","","","","","","","","","","","","","","","","","","","","","","","","","","","","","","","","88.7","","","","","","","","77.9","","","","","","","50.8","","","","","","","","","","","",
"Nauru","NRU","Poverty headcount ratio at $3.20 a day (2011 PPP) (% of population)","SI.POV.LMIC","","","","","","","","","","","","","","","","","","","","","","","","","","","","","","","","","","","","","","","","","","","","","","","","","","","","","13.2","","","","","","","","","",
"Nueva Zelandia","NZL","Poverty headcount ratio at $3.20 a day (2011 PPP) (% of population)","SI.POV.LMIC","","","","","","","","","","","","","","","","","","","","","","","","","","","","","","","","","","","","","","","","","","","","","","","","","","","","","","","","","","","","","","",
"Miembros OCDE","OED","Poverty headcount ratio at $3.20 a day (2011 PPP) (% of population)","SI.POV.LMIC","","","","","","","","","","","","","","","","","","","","","","","","","","","","","","","","","","","","","","","","","","","","","","","","","","","","","","","","","","","","","","",
"Omán","OMN","Poverty headcount ratio at $3.20 a day (2011 PPP) (% of population)","SI.POV.LMIC","","","","","","","","","","","","","","","","","","","","","","","","","","","","","","","","","","","","","","","","","","","","","","","","","","","","","","","","","","","","","","",
"Otros Estados pequeos","OSS","Poverty headcount ratio at $3.20 a day (2011 PPP) (% of population)","SI.POV.LMIC","","","","","","","","","","","","","","","","","","","","","","","","","","","","","","","","","","","","","","","","","","","","","","","","","","","","","","","","","","","","","","",
"Pakistán","PAK","Poverty headcount ratio at $3.20 a day (2011 PPP) (% of population)","SI.POV.LMIC","","","","","","","","","","","","","","","","","","","","","","","","","","","","88.5","","","87.9","","","","","","65.3","","68.1","","","73.5","","","60.6","60.7","","55.3","","","47.1","46.5","","39.5","","35.5","","","34.4","","","",
"Panamá","PAN","Poverty headcount ratio at $3.20 a day (2011 PPP) (% of population)","SI.POV.LMIC","","","","","","","","","","","","","","","","","","","","20.9","","","","","","","","","","34.4","","31.3","","","","24.7","","23.3","23.9","21.2","20","24.8","21.5","20.6","19.7","18.6","19","16.5","11.8","9.5","10.7","8.6","10","8.1","8.3","6.7","7","6.3","5.2","4.6","","",
"Perú","PER","Poverty headcount ratio at $3.20 a day (2011 PPP) (% of population)","SI.POV.LMIC","","","","","","","","","","","","","","","","","","","","","","","","","","","","","","","","","","","","","","32","31.1","31.7","30.8","33.1","29.7","28","28.6","30.9","26.9","23.2","19.5","17.3","14.9","13.3","12.3","11.5","10.7","10.4","10.1","9.9","8.5","7.5","14.1","",
"Filipinas","PHL","Poverty headcount ratio at $3.20 a day (2011 PPP) (% of population)","SI.POV.LMIC","","","","","","","","","","","","","","","","","","","","","","","","","","","","","","","","","","","","","","","","","37.9","","","36","","","38.2","","","34","","","33.3","","","25.7","","","17","","","",
"Palau","PLW","Poverty headcount ratio at $3.20 a day (2011 PPP) (% of population)","SI.POV.LMIC","","","","","","","","","","","","","","","","","","","","","","","","","","","","","","","","","","","","","","","","","","","","","","","","","","","","","","","","","","","","","","",
"Papua Nueva Guinea","PNG","Poverty headcount ratio at $3.20 a day (2011 PPP) (% of population)","SI.POV.LMIC","","","","","","","","","","","","","","","","","","","","","","","","","","","","","","","","","","","","","73.6","","","","","","","","","","","","","65.6","","","","","","","","","","","","",
"Polonia","POL","Poverty headcount ratio at $3.20 a day (2011 PPP) (% of population)","SI.POV.LMIC","","","","","","","","","","","","","","","","","","","","","","","","","","","","","","","","","","","","","","","","","","","","","4.5","2.4","1.6","1.1","0.6","0.9","1","0.8","0.7","0.9","1","0.8","0.5","0.6","0.4","","","",
"previa al dividendo demográfico","PRE","Poverty headcount ratio at $3.20 a day (2011 PPP) (% of population)","SI.POV.LMIC","","","","","","","","","","","","","","","","","","","","","","","","","","","","","","","","","","","","","","","","","","","","","","","","","","","","","","","","","","","","","","",
"Puerto Rico","PRI","Poverty headcount ratio at $3.20 a day (2011 PPP) (% of population)","SI.POV.LMIC","","","","","","","","","","","","","","","","","","","","","","","","","","","","","","","","","","","","","","","","","","","","","","","","","","","","","","","","","","","","","","",
"Corea, República Popular Democrática de","PRK","Poverty headcount ratio at $3.20 a day (2011 PPP) (% of population)","SI.POV.LMIC","","","","","","","","","","","","","","","","","","","","","","","","","","","","","","","","","","","","","","","","","","","","","","","","","","","","","","","","","","","","","","",
"Portugal","PRT","Poverty headcount ratio at $3.20 a day (2011 PPP) (% of population)","SI.POV.LMIC","","","","","","","","","","","","","","","","","","","","","","","","","","","","","","","","","","","","","","","","","","","","1.5","1","1.1","0.5","0.8","0.9","0.4","0.4","0.9","1.5","1.6","1.4","1.1","0.7","0.7","0.7","0.2","","",
"Paraguay","PRY","Poverty headcount ratio at $3.20 a day (2011 PPP) (% of population)","SI.POV.LMIC","","","","","","","","","","","","","","","","","","","","","","","","","","","","","","","4.2","","","","","22.7","","19.2","","19.3","","17.6","25.9","18.7","16.2","13.8","18.7","16","13.3","13.4","12.7","12.3","9.1","6.3","6.8","6.6","6.7","4.8","5.4","4.5","4.7","",
"Ribera Occidental y Gaza","PSE","Poverty headcount ratio at $3.20 a day (2011 PPP) (% of population)","SI.POV.LMIC","","","","","","","","","","","","","","","","","","","","","","","","","","","","","","","","","","","","","","","","","","","","","4.8","5","3.9","7.4","","2.6","3.2","3","","","","","4.5","","","","","",
"Estados pequeos de las Islas del Pacfico","PSS","Poverty headcount ratio at $3.20 a day (2011 PPP) (% of population)","SI.POV.LMIC","","","","","","","","","","","","","","","","","","","","","","","","","","","","","","","","","","","","","","","","","","","","","","","","","","","","","","","","","","","","","","",
"posterior al dividendo demográfico","PST","Poverty headcount ratio at $3.20 a day (2011 PPP) (% of population)","SI.POV.LMIC","","","","","","","","","","","","","","","","","","","","","","","","","","","","","","","","","","","","","","","","","","","","","","","","","","","","","","","","","","","","","","",
"Polinesia Francesa","PYF","Poverty headcount ratio at $3.20 a day (2011 PPP) (% of population)","SI.POV.LMIC","","","","","","","","","","","","","","","","","","","","","","","","","","","","","","","","","","","","","","","","","","","","","","","","","","","","","","","","","","","","","","",
"Qatar","QAT","Poverty headcount ratio at $3.20 a day (2011 PPP) (% of population)","SI.POV.LMIC","","","","","","","","","","","","","","","","","","","","","","","","","","","","","","","","","","","","","","","","","","","","","","","","","","","","","","","","","","","","","","",
"Rumania","ROU","Poverty headcount ratio at $3.20 a day (2011 PPP) (% of population)","SI.POV.LMIC","","","","","","","","","","","","","","","","","","","","","","","","","","","","","","","","","","","","","","","","","","","","","","","16.5","12.2","9.3","9","10.2","11.5","12.2","14","12.6","11","8.3","6.3","5.1","4.1","","",
"Federación de Rusia","RUS","Poverty headcount ratio at $3.20 a day (2011 PPP) (% of population)","SI.POV.LMIC","","","","","","","","","","","","","","","","","","","","","","","","","","","","","","","","","","","","","","7.6","10.3","16.8","13.1","8.9","6.6","6.6","5.6","4.5","3.3","2","0.9","0.9","0.8","0.5","0.5","0.4","0.3","0.4","0.4","0.4","0.4","0.3","0.3","",
"Rwanda","RWA","Poverty headcount ratio at $3.20 a day (2011 PPP) (% of population)","SI.POV.LMIC","","","","","","","","","","","","","","","","","","","","","","","","","","","","","","","","","","","","","","","","","90.6","","","","","85.6","","","","","84","","","81.9","","","80.3","","","","","",
"Asia meridional","SAS","Poverty headcount ratio at $3.20 a day (2011 PPP) (% of population)","SI.POV.LMIC","","","","","","","","","","","","","","","","","","","","","","86.9","86.9","86.1","85.3","84.6","84.2","83.9","83.3","83","82.9","82.5","81.6","80.9","80.5","79.2","78.3","","","","","","76.3","75.3","73.8","72.4","71.4","69.9","68.8","67.8","64.9","60.2","57.8","55.1","52.6","","","","","","","",
"Arabia Saudita","SAU","Poverty headcount ratio at $3.20 a day (2011 PPP) (% of population)","SI.POV.LMIC","","","","","","","","","","","","","","","","","","","","","","","","","","","","","","","","","","","","","","","","","","","","","","","","","","","","","","","","","","","","","","",
"Sudán","SDN","Poverty headcount ratio at $3.20 a day (2011 PPP) (% of population)","SI.POV.LMIC","","","","","","","","","","","","","","","","","","","","","","","","","","","","","","","","","","","","","","","","","","","","","","","","","","42.1","","","","","44","","","","","","","",
"Senegal","SEN","Poverty headcount ratio at $3.20 a day (2011 PPP) (% of population)","SI.POV.LMIC","","","","","","","","","","","","","","","","","","","","","","","","","","","","","","","","84.5","","","83.3","","","","","","","77","","","","67.7","","","","","","68.4","","","","","","","34","","","",
"Singapur","SGP","Poverty headcount ratio at $3.20 a day (2011 PPP) (% of population)","SI.POV.LMIC","","","","","","","","","","","","","","","","","","","","","","","","","","","","","","","","","","","","","","","","","","","","","","","","","","","","","","","","","","","","","","",
"Islas Salomón","SLB","Poverty headcount ratio at $3.20 a day (2011 PPP) (% of population)","SI.POV.LMIC","","","","","","","","","","","","","","","","","","","","","","","","","","","","","","","","","","","","","","","","","","","","","","73","","","","","","","58.1","","","","","","","","","",
"Sierra Leona","SLE","Poverty headcount ratio at $3.20 a day (2011 PPP) (% of population)","SI.POV.LMIC","","","","","","","","","","","","","","","","","","","","","","","","","","","","","","86.1","","","","","","","","","","","","","","88.8","","","","","","","","82.6","","","","","","","76","","","",
"El Salvador","SLV","Poverty headcount ratio at $3.20 a day (2011 PPP) (% of population)","SI.POV.LMIC","","","","","","","","","","","","","","","","","","","","","","","","","","","","","","31.3","","37.2","","","","27.6","29.2","","33.1","29","24.3","25.9","26.2","27.2","22.9","23.1","19.2","15.3","19.8","19.4","18.3","16.7","14.7","12.7","12.4","10.2","10.7","8.7","8","5.7","","",
"San Marino","SMR","Poverty headcount ratio at $3.20 a day (2011 PPP) (% of population)","SI.POV.LMIC","","","","","","","","","","","","","","","","","","","","","","","","","","","","","","","","","","","","","","","","","","","","","","","","","","","","","","","","","","","","","","",
"Somalia","SOM","Poverty headcount ratio at $3.20 a day (2011 PPP) (% of population)","SI.POV.LMIC","","","","","","","","","","","","","","","","","","","","","","","","","","","","","","","","","","","","","","","","","","","","","","","","","","","","","","","","","","88.9","","","","",
"Serbia","SRB","Poverty headcount ratio at $3.20 a day (2011 PPP) (% of population)","SI.POV.LMIC","","","","","","","","","","","","","","","","","","","","","","","","","","","","","","","","","","","","","","","","","","","","","","","","","","","","","10","11.5","12.2","11.6","10.9","8.9","5.9","4","","",
"África al sur del Sahara (excluido altos ingresos)","SSA","Poverty headcount ratio at $3.20 a day (2011 PPP) (% of population)","SI.POV.LMIC","","","","","","","","","","","","","","","","","","","","","","","","","","","","","","","","","","","","","","","","","","","","","","","","","","","","","","","","","","","","","","",
"Sudán del Sur","SSD","Poverty headcount ratio at $3.20 a day (2011 PPP) (% of population)","SI.POV.LMIC","","","","","","","","","","","","","","","","","","","","","","","","","","","","","","","","","","","","","","","","","","","","","","","","","","67.1","","","","","","","91.7","","","","","",
"África al sur del Sahara","SSF","Poverty headcount ratio at $3.20 a day (2011 PPP) (% of population)","SI.POV.LMIC","","","","","","","","","","","","","","","","","","","","","","","","","","","","","","","75.5","76.5","77.6","78.8","79.1","78.7","78.1","78.1","78.3","78.5","78.5","78.2","77.8","77.6","76.2","75","73.9","73.2","72.3","72.1","70.8","70.1","69.7","68.9","67.9","67.8","67.3","66.4","65.4","64.7","","",
"Pequeños Estados","SST","Poverty headcount ratio at $3.20 a day (2011 PPP) (% of population)","SI.POV.LMIC","","","","","","","","","","","","","","","","","","","","","","","","","","","","","","","","","","","","","","","","","","","","","","","","","","","","","","","","","","","","","","",
"Santo Tomé y Príncipe","STP","Poverty headcount ratio at $3.20 a day (2011 PPP) (% of population)","SI.POV.LMIC","","","","","","","","","","","","","","","","","","","","","","","","","","","","","","","","","","","","","","","","","66.4","","","","","","","","","","72","","","","","","","57","","","","",
"Suriname","SUR","Poverty headcount ratio at $3.20 a day (2011 PPP) (% of population)","SI.POV.LMIC","","","","","","","","","","","","","","","","","","","","","","","","","","","","","","","","","","","","","","","","34.2","","","","","","","","","","","","","","","","","","","","","","",
"República Eslovaca","SVK","Poverty headcount ratio at $3.20 a day (2011 PPP) (% of population)","SI.POV.LMIC","","","","","","","","","","","","","","","","","","","","","","","","","","","","","","","","","","","","","","","","","","","","","0.7","0.4","0.8","0.9","0.8","0.9","0.8","0.7","0.7","0.8","1.2","1","1.8","0.9","1","0.4","","",
"Eslovenia","SVN","Poverty headcount ratio at $3.20 a day (2011 PPP) (% of population)","SI.POV.LMIC","","","","","","","","","","","","","","","","","","","","","","","","","","","","","","","","","","","","","","","","","","","","","0.2","0.2","0.1","0.1","0","0","0","0","0","0.1","0","0","0","0","0","0","","",
"Suecia","SWE","Poverty headcount ratio at $3.20 a day (2011 PPP) (% of population)","SI.POV.LMIC","","","","","","","","9","","","","","","","","0.5","","","","","","0.5","","","","","","0.2","","","","","0.2","","","0.5","","","","","0","","","0.4","0.5","1.2","0.5","0.5","0.7","0.6","0.7","0.8","0.5","0.8","0.6","0.8","0.5","0.3","0.9","0.4","","",
"Eswatini","SWZ","Poverty headcount ratio at $3.20 a day (2011 PPP) (% of population)","SI.POV.LMIC","","","","","","","","","","","","","","","","","","","","","","","","","","","","","","","","","","","92.1","","","","","","72","","","","","","","","","65.1","","","","","","","52.1","","","","","",
"Sint Maarten (Dutch part)","SXM","Poverty headcount ratio at $3.20 a day (2011 PPP) (% of population)","SI.POV.LMIC","","","","","","","","","","","","","","","","","","","","","","","","","","","","","","","","","","","","","","","","","","","","","","","","","","","","","","","","","","","","","","",
"Seychelles","SYC","Poverty headcount ratio at $3.20 a day (2011 PPP) (% of population)","SI.POV.LMIC","","","","","","","","","","","","","","","","","","","","","","","","","","","","","","","","","","","","","","","","","","","","","","","","","","","","","","3.1","","","","","1.1","","","",
"República Árabe Siria","SYR","Poverty headcount ratio at $3.20 a day (2011 PPP) (% of population)","SI.POV.LMIC","","","","","","","","","","","","","","","","","","","","","","","","","","","","","","","","","","","","","16.8","","","","","","","10.2","","","","","","","","","","","","","","","","","","",
"Islas Turcas y Caicos","TCA","Poverty headcount ratio at $3.20 a day (2011 PPP) (% of population)","SI.POV.LMIC","","","","","","","","","","","","","","","","","","","","","","","","","","","","","","","","","","","","","","","","","","","","","","","","","","","","","","","","","","","","","","",
"Chad","TCD","Poverty headcount ratio at $3.20 a day (2011 PPP) (% of population)","SI.POV.LMIC","","","","","","","","","","","","","","","","","","","","","","","","","","","","","","","","","","","","","","","","","","","","83.7","","","","","","","","66.3","","","","","","","66.4","","","",
"Asia oriental y el Pacífico (BIRF y la AIF)","TEA","Poverty headcount ratio at $3.20 a day (2011 PPP) (% of population)","SI.POV.LMIC","","","","","","","","","","","","","","","","","","","","","","","","","","","","","","","","","","","","","","","","","","","","","","","","","","","","","","","","","","","","","","",
"Europa y Asia central (BIRF y la AIF)","TEC","Poverty headcount ratio at $3.20 a day (2011 PPP) (% of population)","SI.POV.LMIC","","","","","","","","","","","","","","","","","","","","","","","","","","","","","","","","","","","","","","","","","","","","","","","","","","","","","","","","","","","","","","",
"Togo","TGO","Poverty headcount ratio at $3.20 a day (2011 PPP) (% of population)","SI.POV.LMIC","","","","","","","","","","","","","","","","","","","","","","","","","","","","","","","","","","","","","","","","","","","","","","","78.3","","","","","75.9","","","","74.2","","","51.8","","","",
"Tailandia","THA","Poverty headcount ratio at $3.20 a day (2011 PPP) (% of population)","SI.POV.LMIC","","","","","","","","","","","","","","","","","","","","","","42.8","","","","","","","39.6","","35.9","","28.8","","19.2","","15","","14.3","18.1","18.3","","11.8","","8.7","","6.1","4.3","3.4","2.9","2.4","1.3","1.4","1.1","0.9","0.5","0.6","0.4","0.5","0.3","0.3","",
"Tayikistán","TJK","Poverty headcount ratio at $3.20 a day (2011 PPP) (% of population)","SI.POV.LMIC","","","","","","","","","","","","","","","","","","","","","","","","","","","","","","","","","","","","","","","","85","","","","63.3","45.1","","","31.1","","22.4","","","","","","17.8","","","","","","",
"Turkmenistán","TKM","Poverty headcount ratio at $3.20 a day (2011 PPP) (% of population)","SI.POV.LMIC","","","","","","","","","","","","","","","","","","","","","","","","","","","","","","","","","","","","","","","75.4","","","","","","","","","","","","","","","","","","","","","","","",
"América Latina y el Caribe (BIRF y la AIF)","TLA","Poverty headcount ratio at $3.20 a day (2011 PPP) (% of population)","SI.POV.LMIC","","","","","","","","","","","","","","","","","","","","","","","","","","","","","","","","","","","","","","","","","","","","","","","","","","","","","","","","","","","","","","",
"Timor-Leste","TLS","Poverty headcount ratio at $3.20 a day (2011 PPP) (% of population)","SI.POV.LMIC","","","","","","","","","","","","","","","","","","","","","","","","","","","","","","","","","","","","","","","","","","69.9","","","","","","77.3","","","","","","","65.9","","","","","","","",
"Oriente Medio y Norte de África (BIRF y la AIF)","TMN","Poverty headcount ratio at $3.20 a day (2011 PPP) (% of population)","SI.POV.LMIC","","","","","","","","","","","","","","","","","","","","","","","","","","","","","","","","","","","","","","","","","","","","","","","","","","","","","","","","","","","","","","",
"Tonga","TON","Poverty headcount ratio at $3.20 a day (2011 PPP) (% of population)","SI.POV.LMIC","","","","","","","","","","","","","","","","","","","","","","","","","","","","","","","","","","","","","","","","","7.9","","","","","","","","","8.9","","","","","","7.5","","","","","","",
"Asia meridional (BIRF y la AIF)","TSA","Poverty headcount ratio at $3.20 a day (2011 PPP) (% of population)","SI.POV.LMIC","","","","","","","","","","","","","","","","","","","","","","","","","","","","","","","","","","","","","","","","","","","","","","","","","","","","","","","","","","","","","","",
"África al sur del Sahara (BIRF y la AIF)","TSS","Poverty headcount ratio at $3.20 a day (2011 PPP) (% of population)","SI.POV.LMIC","","","","","","","","","","","","","","","","","","","","","","","","","","","","","","","","","","","","","","","","","","","","","","","","","","","","","","","","","","","","","","",
"Trinidad y Tobago","TTO","Poverty headcount ratio at $3.20 a day (2011 PPP) (% of population)","SI.POV.LMIC","","","","","","","","","","","","","","","","","","","","","","","","","","","","","7.9","","","","12.5","","","","","","","","","","","","","","","","","","","","","","","","","","","","","",
"Túnez","TUN","Poverty headcount ratio at $3.20 a day (2011 PPP) (% of population)","SI.POV.LMIC","","","","","","","","","","","","","","","","","","","","","","","","","","37.9","","","","","30.5","","","","","31.7","","","","","22.9","","","","","15.2","","","","","9.2","","","","","3","","","","","","",
"Turquía","TUR","Poverty headcount ratio at $3.20 a day (2011 PPP) (% of population)","SI.POV.LMIC","","","","","","","","","","","","","","","","","","","","","","","","","","","","13.2","","","","","","","14.2","","","","","","","","12","14.5","9.7","9.4","7.9","6.4","5.5","4.6","4.3","4","3.1","2.7","2.1","2.4","1.6","1.5","1.4","2.2","","",
"Tuvalu","TUV","Poverty headcount ratio at $3.20 a day (2011 PPP) (% of population)","SI.POV.LMIC","","","","","","","","","","","","","","","","","","","","","","","","","","","","","","","","","","","","","","","","","","","","","","","","","","","17.6","","","","","","","","","","","",
"Tanzanía","TZA","Poverty headcount ratio at $3.20 a day (2011 PPP) (% of population)","SI.POV.LMIC","","","","","","","","","","","","","","","","","","","","","","","","","","","","","","","","91.4","","","","","","","","","96.3","","","","","","","83.8","","","","79.5","","","","","","","76.8","","","",
"Uganda","UGA","Poverty headcount ratio at $3.20 a day (2011 PPP) (% of population)","SI.POV.LMIC","","","","","","","","","","","","","","","","","","","","","","","","","","","","","","81","","","87.2","","","","86.2","","","87.4","","","85.2","","","80.2","","","","73.5","","","67.3","","","","69.6","","","70.5","","",
"Ucrania","UKR","Poverty headcount ratio at $3.20 a day (2011 PPP) (% of population)","SI.POV.LMIC","","","","","","","","","","","","","","","","","","","","","","","","","","","","","","","","","11.6","8","","18.7","20.8","","","","","","10.3","6","4.8","2.2","1.4","0.9","0.3","0.5","0.2","0.2","0.2","0.1","0.1","0.5","0.4","0.3","0.4","0.2","0.1","",
"Ingreso mediano alto","UMC","Poverty headcount ratio at $3.20 a day (2011 PPP) (% of population)","SI.POV.LMIC","","","","","","","","","","","","","","","","","","","","","","67.6","67.4","67.7","66.6","65.1","62.6","61.8","59.9","62.3","61.8","61.6","60.5","59.1","56.9","54.5","52.6","51.2","50.1","49.7","46.5","44.4","41.6","39.7","35.9","31.7","29.1","26.5","24.8","22.9","20.6","17.4","15.3","10.4","8.9","7.4","6.5","6","5.1","4.3","","",
"Uruguay","URY","Poverty headcount ratio at $3.20 a day (2011 PPP) (% of population)","SI.POV.LMIC","","","","","","","","","","","","","","","","","","","","","","","","","","","","","","","","","","","","","","","","","","","","","","","3.7","3","1.8","1.8","1.3","1","1.1","0.9","0.7","0.7","0.6","0.4","0.4","0.5","0.7","",
"Estados Unidos","USA","Poverty headcount ratio at $3.20 a day (2011 PPP) (% of population)","SI.POV.LMIC","","","","","","","","","","","","","","","1","","","","","0.7","","","","","","","0.7","","","","","0.7","0.7","0.7","0.7","0.7","0.7","0.7","1","0.7","0.7","1","1","1.2","1.2","1.2","1.2","1.2","1.2","1","1.2","1.2","1.2","1.2","1.5","1.2","1.2","1.5","1.2","1","","",
"Uzbekistán","UZB","Poverty headcount ratio at $3.20 a day (2011 PPP) (% of population)","SI.POV.LMIC","","","","","","","","","","","","","","","","","","","","","","","","","","","","","","","","","","","","","","","65.3","","86.5","","85.6","86.2","","","","","","","","","","","","","","","","","","",
"San Vicente y las Granadinas","VCT","Poverty headcount ratio at $3.20 a day (2011 PPP) (% of population)","SI.POV.LMIC","","","","","","","","","","","","","","","","","","","","","","","","","","","","","","","","","","","","","","","","","","","","","","","","","","","","","","","","","","","","","","",
"Venezuela","VEN","Poverty headcount ratio at $3.20 a day (2011 PPP) (% of population)","SI.POV.LMIC","","","","","","","","","","","","","","","","","","","","","","17.4","","","","","","19","","11.1","","","10.7","","","21.9","","","21.6","24.7","","22.1","30.9","36.4","30.7","24.4","14.3","","","","","","","","","","","","","","","",
"Islas Vírgenes Británicas","VGB","Poverty headcount ratio at $3.20 a day (2011 PPP) (% of population)","SI.POV.LMIC","","","","","","","","","","","","","","","","","","","","","","","","","","","","","","","","","","","","","","","","","","","","","","","","","","","","","","","","","","","","","","",
"Islas Vírgenes (EE.UU.)","VIR","Poverty headcount ratio at $3.20 a day (2011 PPP) (% of population)","SI.POV.LMIC","","","","","","","","","","","","","","","","","","","","","","","","","","","","","","","","","","","","","","","","","","","","","","","","","","","","","","","","","","","","","","",
"Viet Nam","VNM","Poverty headcount ratio at $3.20 a day (2011 PPP) (% of population)","SI.POV.LMIC","","","","","","","","","","","","","","","","","","","","","","","","","","","","","","","","","79.7","","","","","68.7","","","","","70.1","","59.3","","50.6","","45.9","","16.8","","13","","11","","7.8","","6.6","","","",
"Vanuatu","VUT","Poverty headcount ratio at $3.20 a day (2011 PPP) (% of population)","SI.POV.LMIC","","","","","","","","","","","","","","","","","","","","","","","","","","","","","","","","","","","","","","","","","","","","","","","","","","","39.4","","","","","","","","","32.3","","",
"Mundo","WLD","Poverty headcount ratio at $3.20 a day (2011 PPP) (% of population)","SI.POV.LMIC","","","","","","","","","","","","","","","","","","","","","","57.3","57.4","57.6","57.2","56.6","55.8","55.6","54.8","55.6","55.4","55.4","55","54.6","54","52.8","51.9","51.3","51.1","50.8","49.5","48.6","47.2","46.2","44.2","42.2","41","39.4","38.4","37.3","35.2","32.8","31.4","29","27.7","26.5","25.3","24.3","23.2","","","",
"Samoa","WSM","Poverty headcount ratio at $3.20 a day (2011 PPP) (% of population)","SI.POV.LMIC","","","","","","","","","","","","","","","","","","","","","","","","","","","","","","","","","","","","","","","","","","","11.9","","","","","","9.6","","","","","9.6","","","","","","","","",
"Kosovo","XKX","Poverty headcount ratio at $3.20 a day (2011 PPP) (% of population)","SI.POV.LMIC","","","","","","","","","","","","","","","","","","","","","","","","","","","","","","","","","","","","","","","","","","","","18.4","","20","19.4","","","15.9","16","11.1","6.4","3.9","5.6","3.5","4.1","3.6","","","","",
"Yemen, Rep. del","YEM","Poverty headcount ratio at $3.20 a day (2011 PPP) (% of population)","SI.POV.LMIC","","","","","","","","","","","","","","","","","","","","","","","","","","","","","","","","","","","","","","","26.9","","","","","","","37.7","","","","","","","","","51.2","","","","","","","",
"Sudáfrica","ZAF","Poverty headcount ratio at $3.20 a day (2011 PPP) (% of population)","SI.POV.LMIC","","","","","","","","","","","","","","","","","","","","","","","","","","","","","","","","","","49.9","","","","","","","53.2","","","","","48.4","","","36.8","","35.6","","","","37.3","","","","","","","",
"Zambia","ZMB","Poverty headcount ratio at $3.20 a day (2011 PPP) (% of population)","SI.POV.LMIC","","","","","","","","","","","","","","","","","","","","","","","","","","","","","","","","70.1","","75.3","","","66.5","","67","","","","78.1","","76.5","","78.9","","","","80.8","","","","","75.4","","","","","","",
"Zimbabwe","ZWE","Poverty headcount ratio at $3.20 a day (2011 PPP) (% of population)","SI.POV.LMIC","","","","","","","","","","","","","","","","","","","","","","","","","","","","","","","","","","","","","","","","","","","","","","","","","","","","47.2","","","","","","61","","63.8","","",
